Beauty Service, beautyservice.com
Beautycare Emmen, beautycareemmen.nl
Bellapierre Minerals, makeupgroothandel.be
Besko Vzw, besko.be
Bio Wellness, biowellnesslier.be
Blancrème, blancreme.com
Bloomedical Benelux, bloomedical.com
Bowie Medical, bowiemedical.be
BSM Technology, bsm-technology.fr
By Ness Academy, bebeautybyness.com
Caball'O Sprl, caballo.be
Celestetic, celestetic.com
Cerepharma, cerepharma.com
Charme d'Orient, charmedorient.com
Chi Natural Life / Chi Essential Cosmetics, chi.nl
CIL-LOU BV, cil-lou.be
Corrective Cosmetics Belgium-Bellux BV, correctivecosmetics.be - bellux.be
Cosmetis Esthétique Technologies, cosmetis.be
Craith Lab, craithlab.com
CRYOWELL SRL, cryowell.be; eltraderm.com
Curasano, curasano.com
Dark Diamond, (pas de site web disponible)
Delfin Technologies Ltd, delfintech.com
Di-Marni, di-marni.be
Districos, districos.com
Dr. Irena Eris, makeupgroothandel.be
DS V-Line / SQT Biomicroneedling België, excellenceskincare.be
DZ Beauty Instruments, dz-instruments.be
E-Fit Benelux, efit.be
Eden Skin, pro.edenskin.be
Equipal, equipal.be
Erlinda Solingen, erlinda.de
Esse Skincare, esseskincare.be
Esthé / Voetvak+, esthe.online; voetvak.nl
ExcluJess, exclujess.com
FashionWolves, missnella.eu
Fille Au Pluriel, filleaupluriel.be
Findicare | Collini & Opiala, findicare.com
Florence G, florenceg.be
Germaine De Capuccini, germainedecapuccini.be
Gharieni Benelux, gharieni.nl
Ginkel's Cosmetics, ginkels.nl
Gioia Cosmetics, gioia-cosmetics.com
HDP Medical, hdpesthetic.be
House Of Healthbrands, invitalisbenelux.com
Hydrafacial, senitas.com/p/hydrafacial.html
I-motion Group Global Ibérica S.L, i-motiogroup.com
Icoone, senitas.com
InBody, inbody.com
Indigonails, indigonails.be
Jelessi, jelessi.com
Jeso Cards, jesocards.be
JK-Benelux, jk-benelux.com
Jojoba Care, jojobacare.be
Jovilux, jovilux.be
Just Bellani Style, bellani.be
Lakshmi, lakshmicosmetiques.be
Lakshmi - Natural First, lakshmicosmetiques.be
Lamano Cosmetics, lamanocosmetics.com
Lauvive, lauvive.be
Lenks Nailart, lenks.eu
Les Professions Médico Esthétiques, lespe.be
Lesley-Ann Poppe, lesley-annpoppe.be
Lisine Cosmetics, lisine.com
LPG Benelux, endermologie.com/en/professional-area
Lumilash, lumilash.be
Luxlaser, luxlaser.org
MAKE UP FOR EVER / Arkana, shop.puracos.com
MARC INBANE, marcinbane.com
Massagetafel Design, massagetafel.design
Maxcamo, maxcamo.nl
Maxelbeauty, maxelbeauty.be
Medcos Skinsolutions, medcos.nl
Medik8, medik8.be
Medilaser - Toskani, medilaser.be
Megabeautyshop, megabeautyshop.nl
Milànton, milantongroup.be
Misencil, misencil.fr
Mobminder / Done4You, mobminder.com
Move To Beauty, movetobeauty.eu
Musa Nails Belgium, musanails.be
Mybloss, myblossco.com
Nails Company, nails-company.store
NEOLABO, neolabo.be
O'Sea Cosmetics, osea-cosmetics.be
Obsessio'nails / Fan2cil, obsessio-nails.fr
Ongle Amor, excellence-nail-art.com
OnlySmile, onlysmile.de
Optimum Derma Aciditate (ODA), dermoskinservice.hubside.be
Optios Bvba, optios.net
OVA Belgium, ova-pmu.be
Partner In Lifestyle, partnerinlifestyle.nl
Pearl Smile GmbH, pearlsmile.de
PEGGY SAGE SA, peggysage.com
Perfectio, (pas de site web disponible)
Planity, planity.com
Polkadots, shop.madamepolkadots.be
Primmo Beauty Services, primmobeautyservices.be
Princess Paris, princessparis.be
Pro Esthetic, proesthetic.be
Products For Wellness, comfykussen.nl
Purple Professional, pipacosmetics.be
Pyramide, pyramide.be
Raypath International, raypathbodycare.com
Ribeskin CO2 Carboxy Benelux, ribeskinbenelux.nl
Roxils, roxils.com
Safety4yoU, safety4you.eu
Salonized, salonized.com/be
Salonkee, salonkee.be
Shayla Cosmétiques, shayla.be/les-soins-shayla
Simage, simage.be
Skinpromedics, skinpromedics.be
So Glam, so-glam.eu
SO voor schoonheidszorgen Denise Grésiac, denisegresiac.be
Soleil, Elevare, Venofye, soleileu.com
Sothys / Bernard Cassière / Beauty Garden/Akileïne/Heliabrine, sothys.be; bernardcassiere.be; akileine.be
SPINEE, spinee.be
Stalena, stalena.be
Studex Benelux, studex.be
Sunstar Producten, sunstar.nl
Swantex Textiles, swantex.be
Thalgo Group Belux, thalgo.be
Tooth Fairy GmbH, toothfairy.ch
Treatwell, treatwell.be/partners
UNEB, uneb.be
Urban Nails, urbannails.be
Vandilux, vandilux.be
Vavin, vavin.nl
Wittex, wittex.de
WONDR.care, wondr.care
Cresty Products, cresty-products.com
FEI Paris, feiparis.com
Yellow Medical, yellowmedical.be
Yon-Ka/Panestetic, yonka.com; panestetic.be
Zested, zestedcosmetic.com
Zimmer Aesthetics, zimmerbenelux.com
